https://ror.org/03jh5a977,Center for Information Technology
https://ror.org/04r5s4b52,Center for Scientific Review
https://ror.org/04byxyr05,Eunice Kennedy Shriver National Institute of Child Health and Human Development
https://ror.org/02xey9a22,Fogarty International Center
https://ror.org/040gcmg81,National Cancer Institute
https://ror.org/04pw6fb54,National Center for Advancing Translational Sciences
https://ror.org/00190t495,National Center for Complementary and Integrative Health
https://ror.org/03wkg3b53,National Eye Institute
https://ror.org/012pb6c26,National Heart Lung and Blood Institute
https://ror.org/00baak391,National Human Genome Research Institute
https://ror.org/043z4tv69,National Institute of Allergy and Infectious Diseases
https://ror.org/006zn3t30,National Institute of Arthritis and Musculoskeletal and Skin Diseases
https://ror.org/00372qc85,National Institute of Biomedical Imaging and Bioengineering
https://ror.org/004a2wv92,National Institute of Dental and Craniofacial Research
https://ror.org/00adh9b73,National Institute of Diabetes and Digestive and Kidney Diseases
https://ror.org/00j4k1h63,National Institute of Environmental Health Sciences
https://ror.org/04q48ey07,National Institute of General Medical Sciences
https://ror.org/04xeg9z08,National Institute of Mental Health
https://ror.org/01s5ya894,National Institute of Neurological Disorders and Stroke
https://ror.org/01y3zfr79,National Institute of Nursing Research
https://ror.org/049v75w11,National Institute on Aging
https://ror.org/02jzrsm59,National Institute on Alcohol Abuse and Alcoholism
https://ror.org/04mhx6838,National Institute on Deafness and Other Communication Disorders
https://ror.org/00fq5cm18,National Institute on Drug Abuse
https://ror.org/0493hgw16,National Institute on Minority Health and Health Disparities
https://ror.org/04vfsmv21,National Institutes of Health Clinical Center
https://ror.org/00fj8a872,Office of the Director
https://ror.org/0060t0j89,United States National Library of Medicine